id,transaction_id,dealer_id,product_id,destination_country_id,quantity,unit_price,total_product_value,logistics_cost,tariff_cost,other_charges,total_cost,selling_price,profit_amount,profit_margin_percentage,order_date,expected_delivery_date,actual_delivery_date,status,predicted_profit,predicted_delivery_days,prediction_accuracy
1,TXN000001,28,5,4,7331,784.0,5747531.26,21689.42,854490.33,960.87,6624671.88,8055694.7,1431022.82,21.6,2025-03-13 19:08:01.649277,2025-05-07 19:08:01.649277,2025-05-09 19:08:01.649277,delivered,21.4,54,0.916
2,TXN000002,19,8,2,2023,178.28,360669.96,8072.46,18323.11,4148.16,391213.7,456775.16,65561.46,16.76,2024-09-23 19:08:01.650013,2024-10-22 19:08:01.650013,2024-11-05 19:08:01.650013,shipped,15.42,27,0.896
3,TXN000003,15,25,7,1072,832.18,892093.61,3286.04,79571.63,3185.86,978137.14,1059983.23,81846.09,8.37,2025-03-17 19:08:01.651105,2025-05-08 19:08:01.651105,2025-05-12 19:08:01.651105,pending,7.44,55,0.829
4,TXN000004,19,15,8,1660,910.14,1510832.0,1842.85,177541.25,2352.18,1692568.28,1797265.78,104697.5,6.19,2025-06-09 19:08:01.652367,2025-07-03 19:08:01.652367,2025-07-18 19:08:01.652367,pending,7.65,22,0.737
5,TXN000005,18,3,2,4155,389.89,1619980.65,16315.15,174812.91,2702.56,1813811.28,2113970.03,300158.75,16.55,2025-01-12 19:08:01.653208,2025-02-05 19:08:01.653208,2025-02-20 19:08:01.653208,shipped,16.36,26,0.899
6,TXN000006,10,45,7,6700,792.0,5306371.94,18895.75,298055.41,4713.51,5628036.6,6324867.65,696831.05,12.38,2024-10-19 19:08:01.654268,2024-11-26 19:08:01.654268,2024-12-01 19:08:01.654268,delivered,13.86,41,0.883
7,TXN000007,27,2,2,7611,757.84,5767910.68,25548.47,638205.28,4325.48,6435989.91,7781984.43,1345994.52,20.91,2025-01-05 19:08:01.655269,2025-02-06 19:08:01.655269,2025-02-07 19:08:01.655269,delivered,20.89,31,0.907
8,TXN000008,25,18,4,9568,403.98,3865277.19,10406.87,505635.98,4047.37,4385367.41,5388875.12,1003507.71,22.88,2025-07-20 19:08:01.655987,2025-09-13 19:08:01.655987,2025-09-09 19:08:01.655987,delivered,23.39,58,0.815
9,TXN000009,3,4,9,2688,211.81,569354.58,6681.79,11437.12,4811.14,592284.64,645864.87,53580.23,9.05,2024-09-14 19:08:01.656615,2024-11-04 19:08:01.656615,2024-11-03 19:08:01.656615,shipped,7.68,50,0.723
10,TXN000010,21,26,4,1450,424.39,615368.18,3151.28,84609.45,1244.86,704373.77,795426.98,91053.21,12.93,2025-01-05 19:08:01.657292,2025-01-31 19:08:01.657292,2025-02-02 19:08:01.657292,pending,11.29,23,0.7
11,TXN000011,20,43,3,2274,529.13,1203232.61,7212.12,105316.25,2502.8,1318263.78,1386302.69,68038.91,5.16,2025-01-08 19:08:01.658031,2025-02-05 19:08:01.658031,2025-02-03 19:08:01.658031,pending,3.69,25,0.757
12,TXN000012,18,16,4,1778,180.4,320747.6,1714.72,21741.24,1846.65,346050.2,389840.85,43790.65,12.65,2024-09-18 19:08:01.659212,2024-11-16 19:08:01.659212,2024-11-15 19:08:01.659212,pending,11.23,60,0.841
13,TXN000013,7,42,6,2788,649.29,1810213.04,6915.49,206212.52,3326.36,2026667.41,2189357.78,162690.37,8.03,2024-08-26 19:08:01.660396,2024-09-28 19:08:01.660396,2024-10-12 19:08:01.660396,shipped,9.47,30,0.924
14,TXN000014,7,17,10,2117,226.01,478467.04,6675.08,33456.4,4834.62,523433.13,582529.12,59095.98,11.29,2025-03-24 19:08:01.661595,2025-04-08 19:08:01.661595,2025-04-10 19:08:01.661595,pending,9.63,16,0.85
15,TXN000015,5,42,5,4768,749.06,3571526.07,19097.57,392017.45,4315.51,3986956.6,4711311.16,724354.56,18.17,2024-11-20 19:08:01.662786,2024-12-16 19:08:01.662786,2024-12-17 19:08:01.662786,pending,18.21,28,0.798
16,TXN000016,7,3,7,4021,681.55,2740523.8,10965.25,94977.45,2748.12,2849214.61,3330122.02,480907.41,16.88,2025-02-09 19:08:01.663824,2025-03-21 19:08:01.663824,2025-03-16 19:08:01.663824,shipped,15.41,43,0.91
17,TXN000017,13,4,10,9051,478.78,4333412.26,32341.39,516345.02,4795.04,4886893.71,5884178.77,997285.06,20.41,2025-07-09 19:08:01.664484,2025-07-17 19:08:01.664484,2025-07-30 19:08:01.664484,delivered,19.46,5,0.931
18,TXN000018,23,6,10,6620,953.81,6314235.42,18401.93,642247.34,2754.72,6977639.42,7906268.32,928628.9,13.31,2025-07-01 19:08:01.665105,2025-08-21 19:08:01.665105,2025-08-28 19:08:01.665105,pending,13.45,52,0.738
19,TXN000019,27,31,2,1394,175.24,244280.89,3904.41,11338.46,4136.27,263660.04,305127.97,41467.93,15.73,2024-09-22 19:08:01.665775,2024-10-24 19:08:01.665775,2024-11-06 19:08:01.665775,pending,16.45,29,0.778
20,TXN000020,14,49,6,4009,493.74,1979393.39,3049.15,61772.24,2455.18,2046669.96,2334583.97,287914.0,14.07,2025-03-07 19:08:01.666371,2025-04-21 19:08:01.666371,2025-04-17 19:08:01.666371,pending,15.03,47,0.744
21,TXN000021,13,10,9,2348,111.4,261563.62,8586.04,10802.12,4788.57,285740.35,329916.12,44175.77,15.46,2025-05-19 19:08:01.666969,2025-07-15 19:08:01.666969,2025-07-18 19:08:01.666969,shipped,13.97,60,0.918
22,TXN000022,27,5,4,2034,759.64,1545112.34,8077.9,36798.88,4131.99,1594121.11,1760541.17,166420.06,10.44,2024-08-13 19:08:01.667613,2024-08-24 19:08:01.667613,2024-08-27 19:08:01.667613,pending,10.95,11,0.814
23,TXN000023,2,43,7,8285,424.11,3513763.83,36181.58,146504.91,1207.89,3697658.21,4454442.36,756784.14,20.47,2025-04-18 19:08:01.668376,2025-05-31 19:08:01.668376,2025-05-29 19:08:01.668376,pending,20.5,40,0.915
24,TXN000024,27,47,3,853,111.06,94733.55,2237.37,6611.2,1175.38,104757.5,129504.58,24747.08,23.62,2024-09-11 19:08:01.669292,2024-09-20 19:08:01.669292,2024-10-02 19:08:01.669292,shipped,22.52,7,0.804
25,TXN000025,5,24,6,4544,748.26,3400089.48,19161.99,320627.33,1037.3,3740916.11,4431732.92,690816.81,18.47,2025-04-20 19:08:01.669931,2025-04-30 19:08:01.669931,2025-04-30 19:08:01.669931,pending,20.39,10,0.717
26,TXN000026,4,1,4,4725,518.58,2450312.99,18809.63,147976.14,888.73,2617987.5,2988038.03,370050.53,14.13,2025-03-16 19:08:01.670533,2025-04-15 19:08:01.670533,2025-04-16 19:08:01.670533,pending,15.27,32,0.856
27,TXN000027,3,21,10,9794,517.53,5068728.21,47729.69,758851.09,3991.49,5879300.47,7034539.9,1155239.43,19.65,2025-05-27 19:08:01.671105,2025-07-07 19:08:01.671105,2025-07-09 19:08:01.671105,delivered,21.38,38,0.758
28,TXN000028,12,11,10,257,411.78,105827.8,1228.32,2136.67,3457.87,112650.66,137411.41,24760.75,21.98,2025-06-20 19:08:01.672619,2025-08-12 19:08:01.672619,2025-08-16 19:08:01.672619,delivered,22.1,51,0.805
29,TXN000029,24,31,3,2432,965.07,2347041.86,9004.32,75324.7,4645.73,2436016.62,2994978.89,558962.27,22.95,2024-08-19 19:08:01.673810,2024-09-28 19:08:01.673810,2024-10-06 19:08:01.673810,shipped,22.78,42,0.721
30,TXN000030,27,31,2,2287,186.02,425426.15,7701.41,30318.28,3163.53,466609.36,495752.19,29142.82,6.25,2025-04-13 19:08:01.674729,2025-06-01 19:08:01.674729,2025-05-31 19:08:01.674729,shipped,5.29,48,0.932
31,TXN000031,26,31,5,5445,453.66,2470164.56,10515.71,136734.14,836.09,2618250.51,2855313.52,237063.01,9.05,2025-06-18 19:08:01.675416,2025-08-13 19:08:01.675416,2025-08-26 19:08:01.675416,delivered,7.48,56,0.817
32,TXN000032,27,4,7,8880,465.86,4136848.31,18757.17,497016.58,2533.63,4655155.69,5319303.58,664147.89,14.27,2025-05-24 19:08:01.676106,2025-06-07 19:08:01.676106,2025-06-04 19:08:01.676106,pending,13.48,16,0.874
33,TXN000033,24,1,6,5470,136.3,745543.65,6385.99,83836.73,4857.8,840624.16,949273.9,108649.74,12.92,2025-04-01 19:08:01.676851,2025-04-11 19:08:01.676851,2025-04-15 19:08:01.676851,delivered,11.05,10,0.914
34,TXN000034,2,25,5,9113,600.36,5471065.97,14802.58,438044.3,4117.54,5928030.38,6390171.38,462141.0,7.8,2025-04-21 19:08:01.677471,2025-04-28 19:08:01.677471,2025-04-24 19:08:01.677471,delivered,6.59,7,0.793
35,TXN000035,3,36,2,1476,667.27,984887.26,4605.79,52835.94,4157.36,1046486.36,1103373.39,56887.04,5.44,2024-09-16 19:08:01.678160,2024-09-27 19:08:01.678160,2024-09-28 19:08:01.678160,shipped,6.67,8,0.926
36,TXN000036,5,27,8,5532,846.42,4682398.54,5816.2,667225.34,727.87,5356167.95,6613937.29,1257769.34,23.48,2024-12-01 19:08:01.678853,2025-01-04 19:08:01.678853,2025-01-11 19:08:01.678853,delivered,23.01,34,0.743
37,TXN000037,8,10,6,3166,293.24,928412.07,5500.67,72398.95,1168.84,1007480.53,1181594.64,174114.11,17.28,2024-09-15 19:08:01.679552,2024-10-31 19:08:01.679552,2024-11-02 19:08:01.679552,shipped,17.28,47,0.82
38,TXN000038,10,10,10,6375,178.95,1140802.4,7124.46,52396.5,4480.94,1204804.29,1391745.12,186940.82,15.52,2025-08-03 19:08:01.680233,2025-09-19 19:08:01.680233,2025-10-01 19:08:01.680233,shipped,16.64,46,0.82
39,TXN000039,6,31,4,5736,803.29,4607680.59,26426.02,393086.41,2247.72,5029440.73,5461787.42,432346.69,8.6,2025-04-22 19:08:01.680854,2025-05-19 19:08:01.680854,2025-06-02 19:08:01.680854,delivered,10.18,30,0.77
40,TXN000040,4,32,5,7828,827.79,6479928.34,22563.78,775579.27,4998.23,7283069.61,9065935.72,1782866.11,24.48,2024-09-10 19:08:01.681551,2024-09-23 19:08:01.681551,2024-09-25 19:08:01.681551,delivered,23.55,16,0.898
41,TXN000041,4,14,10,3694,763.35,2819830.13,11416.73,416619.76,2247.9,3250114.52,4020525.59,770411.07,23.7,2025-04-13 19:08:01.682193,2025-05-01 19:08:01.682193,2025-05-01 19:08:01.682193,pending,22.98,20,0.874
42,TXN000042,8,48,3,562,922.58,518491.09,2060.03,34074.55,3054.43,557680.1,601413.63,43733.53,7.84,2024-11-08 19:08:01.682814,2024-11-27 19:08:01.682814,2024-12-07 19:08:01.682814,shipped,6.54,16,0.723
43,TXN000043,19,39,3,3684,309.36,1139686.01,2172.37,93612.18,1992.8,1237463.35,1451330.37,213867.02,17.28,2025-02-19 19:08:01.683512,2025-04-18 19:08:01.683512,2025-04-17 19:08:01.683512,pending,15.99,61,0.911
44,TXN000044,17,29,2,459,391.23,179574.54,534.6,20042.41,1137.44,201288.98,215818.85,14529.87,7.22,2025-07-06 19:08:01.684130,2025-08-15 19:08:01.684130,2025-08-21 19:08:01.684130,shipped,8.04,42,0.799
45,TXN000045,14,34,6,5044,190.93,963045.64,9844.45,141434.7,3795.58,1118120.37,1271720.68,153600.31,13.74,2024-09-14 19:08:01.684811,2024-10-31 19:08:01.684811,2024-11-10 19:08:01.684811,shipped,12.43,48,0.873
46,TXN000046,29,18,3,5946,935.96,5565222.25,8946.16,537397.45,1289.08,6112854.94,6793610.87,680755.93,11.14,2025-06-08 19:08:01.685442,2025-07-29 19:08:01.685442,2025-08-02 19:08:01.685442,delivered,12.05,53,0.937
47,TXN000047,6,43,2,9397,452.44,4251590.75,6067.85,417976.13,4644.67,4680279.4,5819957.1,1139677.69,24.35,2024-10-27 19:08:01.686060,2024-11-17 19:08:01.686060,2024-12-02 19:08:01.686060,delivered,26.1,19,0.783
48,TXN000048,18,50,10,5782,170.03,983090.19,28451.54,41118.11,4483.94,1057143.77,1128760.19,71616.42,6.77,2025-02-22 19:08:01.686725,2025-04-15 19:08:01.686725,2025-04-30 19:08:01.686725,shipped,4.82,50,0.762
49,TXN000049,8,38,3,4305,161.02,693170.88,17399.05,78781.48,716.66,790068.06,898816.22,108748.15,13.76,2025-01-13 19:08:01.687335,2025-02-15 19:08:01.687335,2025-02-15 19:08:01.687335,shipped,15.29,32,0.837
50,TXN000050,25,26,6,7955,191.29,1521677.77,32212.06,144783.4,3912.1,1702585.33,1864529.37,161944.04,9.51,2025-07-26 19:08:01.687986,2025-08-30 19:08:01.687986,2025-08-27 19:08:01.687986,shipped,7.59,34,0.938
51,TXN000051,5,15,7,2887,166.78,481494.9,12979.06,19701.61,837.51,515013.08,637775.12,122762.04,23.84,2024-10-12 19:08:01.688910,2024-10-24 19:08:01.688910,2024-10-29 19:08:01.688910,pending,25.41,14,0.708
52,TXN000052,29,1,5,2803,948.2,2657799.08,9061.9,203178.24,741.0,2870780.23,3204419.19,333638.97,11.62,2024-08-21 19:08:01.689632,2024-09-09 19:08:01.689632,2024-09-17 19:08:01.689632,pending,12.51,21,0.835
53,TXN000053,5,12,9,4972,694.54,3453243.45,7800.91,91347.29,3072.96,3555464.61,4330452.44,774987.83,21.8,2025-02-09 19:08:01.690358,2025-02-25 19:08:01.690358,2025-02-21 19:08:01.690358,delivered,21.51,15,0.906
54,TXN000054,17,17,6,7969,662.58,5280114.83,11144.94,123267.66,1268.74,5415796.17,6002664.27,586868.09,10.84,2025-06-14 19:08:01.691000,2025-06-26 19:08:01.691000,2025-07-06 19:08:01.691000,shipped,11.98,12,0.822
55,TXN000055,15,25,6,1593,694.94,1107033.13,5397.72,77911.36,2169.59,1192511.8,1343112.96,150601.17,12.63,2025-07-21 19:08:01.691636,2025-08-08 19:08:01.691636,2025-08-17 19:08:01.691636,shipped,12.39,17,0.757
56,TXN000056,6,18,4,1109,341.71,378951.73,1308.72,41889.79,935.16,423085.39,500775.82,77690.42,18.36,2025-01-13 19:08:01.692350,2025-03-12 19:08:01.692350,2025-03-24 19:08:01.692350,pending,17.27,55,0.91
57,TXN000057,6,34,6,6958,836.56,5820817.14,33713.77,636324.93,4713.63,6495569.46,7564369.02,1068799.56,16.45,2025-03-12 19:08:01.693522,2025-04-03 19:08:01.693522,2025-04-13 19:08:01.693522,delivered,16.03,25,0.879
58,TXN000058,2,9,5,8567,551.89,4728052.97,35142.06,511005.77,3291.23,5277492.02,5668323.95,390831.93,7.41,2025-05-16 19:08:01.694562,2025-07-10 19:08:01.694562,2025-07-19 19:08:01.694562,delivered,9.29,58,0.748
59,TXN000059,12,37,2,1383,138.41,191418.69,6842.06,14662.89,4987.71,217911.35,256142.86,38231.51,17.54,2025-04-02 19:08:01.695401,2025-06-01 19:08:01.695401,2025-06-15 19:08:01.695401,shipped,19.19,63,0.717
60,TXN000060,6,16,6,6610,449.29,2969801.86,19725.85,390116.57,2838.6,3382482.88,4172063.91,789581.04,23.34,2024-10-16 19:08:01.696281,2024-10-23 19:08:01.696281,2024-11-06 19:08:01.696281,pending,24.47,4,0.804
61,TXN000061,11,50,9,9732,233.38,2271251.89,30383.76,330303.88,950.92,2632890.46,2820159.96,187269.5,7.11,2025-03-19 19:08:01.696955,2025-05-14 19:08:01.696955,2025-05-12 19:08:01.696955,pending,8.63,56,0.766
62,TXN000062,3,41,4,9472,689.31,6529133.94,30692.4,162383.07,1739.36,6723948.77,7253597.81,529649.04,7.88,2025-07-24 19:08:01.697654,2025-09-07 19:08:01.697654,2025-09-14 19:08:01.697654,shipped,9.44,44,0.873
63,TXN000063,4,7,10,7885,144.36,1138293.41,36616.03,155506.9,591.05,1331007.39,1615147.1,284139.71,21.35,2025-03-22 19:08:01.698383,2025-04-17 19:08:01.698383,2025-04-21 19:08:01.698383,shipped,22.78,28,0.725
64,TXN000064,17,44,8,2301,882.01,2029505.06,4261.82,236810.92,3983.14,2274560.94,2534255.9,259694.95,11.42,2024-10-07 19:08:01.699195,2024-11-29 19:08:01.699195,2024-12-07 19:08:01.699195,pending,9.77,53,0.753
65,TXN000065,17,46,3,8037,841.57,6763718.11,31486.71,897779.19,4194.58,7697178.59,8875262.1,1178083.51,15.31,2025-03-06 19:08:01.700285,2025-03-23 19:08:01.700285,2025-03-20 19:08:01.700285,pending,15.33,15,0.895
66,TXN000066,9,28,6,9417,571.86,5385182.98,5935.22,242652.3,4248.18,5638018.68,6863697.64,1225678.96,21.74,2024-12-22 19:08:01.701076,2025-01-13 19:08:01.701076,2025-01-09 19:08:01.701076,delivered,23.41,24,0.75
67,TXN000067,6,50,4,7705,431.52,3324836.44,21366.49,341139.11,1057.43,3688399.47,3895365.3,206965.83,5.61,2024-10-12 19:08:01.701780,2024-11-11 19:08:01.701780,2024-11-21 19:08:01.701780,shipped,4.32,33,0.819
68,TXN000068,30,21,4,5740,596.2,3422190.0,7093.56,466389.57,3870.33,3899543.45,4631761.15,732217.69,18.78,2025-01-27 19:08:01.702537,2025-02-21 19:08:01.702537,2025-02-16 19:08:01.702537,delivered,17.43,26,0.895
69,TXN000069,6,29,4,3726,292.89,1091295.95,12717.62,117969.51,1710.88,1223693.95,1385100.95,161406.99,13.19,2024-12-13 19:08:01.703225,2024-12-21 19:08:01.703225,2024-12-16 19:08:01.703225,delivered,13.78,9,0.9
70,TXN000070,21,24,3,5104,301.39,1538310.02,18922.22,172625.87,1739.2,1731597.31,2128300.36,396703.05,22.91,2025-04-05 19:08:01.703871,2025-05-04 19:08:01.703871,2025-05-13 19:08:01.703871,delivered,22.78,31,0.83
71,TXN000071,25,30,7,9676,661.25,6398211.33,9292.87,553424.7,3480.6,6964409.5,8487224.93,1522815.43,21.87,2024-09-15 19:08:01.704624,2024-10-15 19:08:01.704624,2024-10-27 19:08:01.704624,pending,22.3,29,0.871
72,TXN000072,25,42,5,5609,533.56,2992763.71,27751.22,309084.61,4376.71,3333976.26,3674806.59,340830.33,10.22,2025-03-13 19:08:01.705320,2025-05-04 19:08:01.705320,2025-05-19 19:08:01.705320,delivered,8.82,55,0.76
73,TXN000073,8,36,9,9930,151.1,1500395.27,23022.14,92343.55,1129.68,1616890.63,1705966.84,89076.21,5.51,2025-04-02 19:08:01.706138,2025-05-10 19:08:01.706138,2025-05-14 19:08:01.706138,shipped,5.13,40,0.709
74,TXN000074,26,38,7,9472,737.26,6983346.26,39517.81,451205.99,3710.16,7477780.23,8878096.44,1400316.21,18.73,2024-09-03 19:08:01.707215,2024-10-20 19:08:01.707215,2024-10-30 19:08:01.707215,shipped,18.76,50,0.742
75,TXN000075,29,35,3,9246,691.85,6396874.84,12159.52,209103.59,1075.75,6619213.7,7292588.76,673375.06,10.17,2025-05-11 19:08:01.707969,2025-07-08 19:08:01.707969,2025-07-20 19:08:01.707969,pending,11.77,60,0.722
76,TXN000076,25,17,4,5131,419.76,2153763.19,12274.0,291381.89,2172.57,2459591.66,2870624.2,411032.54,16.71,2024-12-15 19:08:01.708698,2025-01-20 19:08:01.708698,2025-01-18 19:08:01.708698,delivered,18.18,37,0.845
77,TXN000077,29,32,4,7836,658.59,5160705.17,35280.94,438980.21,4403.74,5639370.06,6351813.36,712443.3,12.63,2025-07-16 19:08:01.709445,2025-08-11 19:08:01.709445,2025-08-19 19:08:01.709445,delivered,11.18,24,0.786
78,TXN000078,22,32,6,7596,988.47,7508436.65,8693.69,991948.67,1311.61,8510390.61,9073457.57,563066.96,6.62,2025-05-14 19:08:01.710130,2025-06-11 19:08:01.710130,2025-06-26 19:08:01.710130,shipped,7.15,25,0.813
79,TXN000079,1,28,9,2862,288.44,825527.1,8852.9,33513.56,4033.45,871927.01,1051500.81,179573.8,20.6,2025-01-02 19:08:01.710804,2025-01-17 19:08:01.710804,2025-01-31 19:08:01.710804,pending,20.31,15,0.941
80,TXN000080,22,41,7,718,444.98,319499.07,2083.65,36737.82,4775.31,363095.85,446027.4,82931.56,22.84,2025-05-07 19:08:01.711489,2025-07-01 19:08:01.711489,2025-07-12 19:08:01.711489,delivered,23.55,57,0.883
81,TXN000081,21,13,7,5741,303.64,1743192.3,10933.25,58139.07,2765.01,1815029.64,2016902.71,201873.07,11.12,2025-03-13 19:08:01.712166,2025-03-24 19:08:01.712166,2025-03-20 19:08:01.712166,shipped,10.95,12,0.849
82,TXN000082,3,9,10,2292,404.05,926086.35,4680.95,127040.42,2116.63,1059924.35,1152864.04,92939.69,8.77,2025-08-03 19:08:01.713397,2025-09-30 19:08:01.713397,2025-10-07 19:08:01.713397,delivered,7.67,56,0.753
83,TXN000083,16,3,4,8367,119.72,1001713.51,10546.03,67772.82,3427.43,1083459.79,1145729.14,62269.34,5.75,2024-11-12 19:08:01.714723,2024-12-29 19:08:01.714723,2025-01-01 19:08:01.714723,pending,3.94,44,0.865
84,TXN000084,17,31,6,423,688.21,291113.19,303.32,10204.3,2499.41,304120.22,326843.78,22723.56,7.47,2024-08-18 19:08:01.715960,2024-09-10 19:08:01.715960,2024-09-20 19:08:01.715960,delivered,6.29,25,0.858
85,TXN000085,28,14,5,1754,371.0,650742.44,6105.98,35853.98,3225.35,695927.74,749815.31,53887.57,7.74,2024-11-24 19:08:01.716733,2025-01-23 19:08:01.716733,2025-01-21 19:08:01.716733,pending,8.21,59,0.729
86,TXN000086,15,38,6,3354,195.64,656167.63,10868.66,79484.64,4241.74,750762.68,934417.21,183654.53,24.46,2025-03-14 19:08:01.717443,2025-04-12 19:08:01.717443,2025-04-20 19:08:01.717443,delivered,22.62,29,0.928
87,TXN000087,13,45,5,7975,719.38,5737083.6,15852.04,116783.73,3522.35,5873241.72,7232168.95,1358927.23,23.14,2024-09-04 19:08:01.718048,2024-11-03 19:08:01.718048,2024-11-16 19:08:01.718048,shipped,21.73,57,0.895
88,TXN000088,2,15,2,1759,167.54,294708.83,8041.28,30580.1,2555.38,335885.59,418331.46,82445.87,24.55,2025-07-18 19:08:01.718666,2025-08-10 19:08:01.718666,2025-08-19 19:08:01.718666,delivered,25.8,26,0.71
89,TXN000089,26,44,10,5223,361.51,1888169.13,12623.88,66212.69,4330.61,1971336.3,2420916.11,449579.81,22.81,2024-09-07 19:08:01.719317,2024-09-14 19:08:01.719317,2024-09-13 19:08:01.719317,pending,21.49,6,0.924
90,TXN000090,6,38,4,4495,959.58,4313313.18,20016.86,138386.92,4167.34,4475884.31,4863379.0,387494.69,8.66,2024-12-22 19:08:01.720146,2025-01-23 19:08:01.720146,2025-01-30 19:08:01.720146,shipped,10.0,34,0.913
91,TXN000091,27,40,3,2832,819.91,2321982.82,2856.79,256583.94,763.91,2582187.46,3198022.12,615834.66,23.85,2025-01-11 19:08:01.721024,2025-01-28 19:08:01.721024,2025-01-26 19:08:01.721024,pending,23.78,18,0.87
92,TXN000092,8,3,3,6321,263.13,1663273.2,25323.44,165456.75,4381.59,1858434.99,2278422.8,419987.81,22.6,2024-12-08 19:08:01.721705,2025-01-30 19:08:01.721705,2025-01-29 19:08:01.721705,shipped,21.05,53,0.81
93,TXN000093,7,40,6,5248,157.0,823948.81,2915.9,109488.95,2861.68,939215.35,1125860.69,186645.35,19.87,2025-04-20 19:08:01.722348,2025-06-12 19:08:01.722348,2025-06-25 19:08:01.722348,pending,21.37,54,0.831
94,TXN000094,22,21,9,1660,730.52,1212666.8,4063.37,138807.61,2668.68,1358206.46,1606408.0,248201.54,18.27,2025-05-28 19:08:01.723053,2025-07-15 19:08:01.723053,2025-07-22 19:08:01.723053,pending,19.84,49,0.714
95,TXN000095,4,48,7,2671,679.06,1813766.17,7412.17,146928.78,2731.26,1970838.38,2134577.16,163738.78,8.31,2025-03-01 19:08:01.723675,2025-04-25 19:08:01.723675,2025-05-05 19:08:01.723675,delivered,7.63,54,0.713
96,TXN000096,4,41,4,6303,300.44,1893647.29,14589.85,95723.87,2565.93,2006526.94,2428403.76,421876.82,21.03,2024-11-30 19:08:01.724251,2025-01-04 19:08:01.724251,2025-01-01 19:08:01.724251,shipped,20.29,35,0.886
97,TXN000097,8,8,8,6709,115.99,778191.78,15803.21,71925.96,500.76,866421.7,925493.56,59071.86,6.82,2024-09-20 19:08:01.724953,2024-11-04 19:08:01.724953,2024-11-18 19:08:01.724953,shipped,8.38,46,0.752
98,TXN000098,8,45,8,5684,704.33,4003394.29,12135.57,108314.95,1503.13,4125347.94,4706576.45,581228.51,14.09,2024-10-09 19:08:01.725555,2024-11-20 19:08:01.725555,2024-12-04 19:08:01.725555,shipped,14.96,41,0.879
99,TXN000099,22,40,5,3733,202.62,756384.28,1903.41,50048.49,3351.48,811687.64,982127.88,170440.24,21.0,2025-02-02 19:08:01.726120,2025-03-16 19:08:01.726120,2025-03-27 19:08:01.726120,pending,19.42,40,0.823
100,TXN000100,19,2,10,6804,839.65,5713011.22,6676.95,567934.61,1343.95,6288966.72,7773434.88,1484468.16,23.6,2024-12-21 19:08:01.726749,2025-01-22 19:08:01.726749,2025-01-23 19:08:01.726749,delivered,24.47,29,0.889
101,TXN000101,12,8,5,9747,141.85,1382615.12,10278.08,187936.2,2558.25,1583387.65,1849180.22,265792.57,16.79,2024-11-30 19:08:01.727439,2025-01-08 19:08:01.727439,2025-01-07 19:08:01.727439,delivered,16.91,36,0.838
102,TXN000102,7,13,9,9686,489.53,4741581.21,25892.56,408170.85,4645.23,5180289.84,5622896.33,442606.49,8.54,2025-06-08 19:08:01.728074,2025-07-22 19:08:01.728074,2025-07-22 19:08:01.728074,delivered,8.09,45,0.852
103,TXN000103,11,30,4,6402,389.66,2494599.39,15262.31,247387.38,3616.32,2760865.4,3035979.44,275114.05,9.96,2025-03-15 19:08:01.729383,2025-04-16 19:08:01.729383,2025-04-21 19:08:01.729383,shipped,11.18,30,0.803
104,TXN000104,9,37,2,8493,730.01,6199999.19,15670.51,689404.32,4373.18,6909447.21,8238651.23,1329204.02,19.24,2025-04-23 19:08:01.730240,2025-06-04 19:08:01.730240,2025-06-19 19:08:01.730240,delivered,18.08,44,0.773
105,TXN000105,6,45,6,2273,410.76,933667.08,11174.09,97578.7,4812.47,1047232.33,1205132.65,157900.32,15.08,2025-02-28 19:08:01.730964,2025-04-20 19:08:01.730964,2025-05-05 19:08:01.730964,pending,13.54,50,0.841
106,TXN000106,9,32,2,6939,624.53,4333583.44,24523.09,590245.25,2902.56,4951254.34,6067739.65,1116485.31,22.55,2024-11-18 19:08:01.731655,2024-12-22 19:08:01.731655,2024-12-17 19:08:01.731655,delivered,20.65,32,0.713
107,TXN000107,5,20,10,4474,150.94,675324.78,17340.47,27635.37,1789.77,722090.4,794380.46,72290.06,10.01,2024-08-24 19:08:01.732347,2024-10-23 19:08:01.732347,2024-10-19 19:08:01.732347,shipped,8.83,61,0.708
108,TXN000108,12,27,10,1779,832.62,1481237.38,5821.76,159704.62,3028.48,1649792.24,1806293.96,156501.73,9.49,2025-01-25 19:08:01.732985,2025-03-14 19:08:01.732985,2025-03-26 19:08:01.732985,delivered,9.53,51,0.9
109,TXN000109,6,9,6,869,358.87,311862.19,4057.52,21949.52,4805.16,342674.39,426686.0,84011.61,24.52,2025-07-16 19:08:01.734713,2025-08-12 19:08:01.734713,2025-08-24 19:08:01.734713,delivered,25.49,25,0.855
110,TXN000110,19,50,3,7359,802.83,5908043.66,31164.82,818224.04,3670.83,6761103.35,7974900.42,1213797.07,17.95,2024-11-06 19:08:01.736798,2024-12-31 19:08:01.736798,2025-01-13 19:08:01.736798,pending,18.37,58,0.881
111,TXN000111,2,40,10,7453,274.15,2043224.6,9677.1,222191.79,1341.39,2276434.89,2469383.29,192948.4,8.48,2025-01-31 19:08:01.737818,2025-03-11 19:08:01.737818,2025-03-09 19:08:01.737818,delivered,8.19,40,0.766
112,TXN000112,20,48,10,4278,244.84,1047408.26,2247.67,84445.27,4718.73,1138819.93,1204857.95,66038.02,5.8,2025-07-17 19:08:01.738546,2025-08-13 19:08:01.738546,2025-08-27 19:08:01.738546,pending,6.26,29,0.775
113,TXN000113,9,9,7,9113,810.92,7389889.94,19241.05,901005.59,1930.37,8312066.95,9093338.1,781271.15,9.4,2025-07-09 19:08:01.739315,2025-07-27 19:08:01.739315,2025-08-07 19:08:01.739315,pending,8.04,19,0.834
114,TXN000114,1,7,2,3724,182.75,680564.72,16665.96,72298.76,1989.8,771519.24,855394.86,83875.62,10.87,2024-11-14 19:08:01.740199,2025-01-08 19:08:01.740199,2025-01-22 19:08:01.740199,shipped,12.86,58,0.888
115,TXN000115,23,25,5,1979,684.37,1354368.43,6946.73,105555.06,4570.23,1471440.46,1725617.41,254176.95,17.27,2025-07-23 19:08:01.741197,2025-09-07 19:08:01.741197,2025-09-09 19:08:01.741197,pending,18.82,46,0.929
116,TXN000116,19,30,5,6422,950.49,6104039.74,10626.21,696573.66,611.18,6811850.78,7856608.62,1044757.84,15.34,2024-11-22 19:08:01.741967,2025-01-17 19:08:01.741967,2025-01-23 19:08:01.741967,pending,15.12,53,0.774
117,TXN000117,19,40,7,5348,686.38,3670735.51,15041.39,525897.23,1253.28,4212927.41,5229318.23,1016390.82,24.13,2025-08-09 19:08:01.742677,2025-09-19 19:08:01.742677,2025-10-01 19:08:01.742677,pending,22.39,43,0.857
118,TXN000118,11,42,3,7050,291.86,2057596.21,30036.47,96141.89,4229.37,2188003.95,2681896.49,493892.54,22.57,2024-09-15 19:08:01.743351,2024-11-08 19:08:01.743351,2024-11-16 19:08:01.743351,delivered,23.56,52,0.706
119,TXN000119,20,21,5,720,745.18,536530.65,643.57,14515.76,4073.97,555763.94,645584.75,89820.81,16.16,2025-04-02 19:08:01.744211,2025-05-15 19:08:01.744211,2025-05-17 19:08:01.744211,shipped,15.71,45,0.801
120,TXN000120,2,7,10,6481,384.76,2493654.33,22876.92,223253.05,3386.4,2743170.7,3219576.8,476406.1,17.37,2025-07-20 19:08:01.744997,2025-09-13 19:08:01.744997,2025-09-26 19:08:01.744997,pending,18.76,54,0.932
121,TXN000121,15,22,4,5037,195.52,984844.25,16267.22,55739.49,4670.11,1061521.08,1195572.84,134051.76,12.63,2024-12-13 19:08:01.745621,2025-02-10 19:08:01.745621,2025-02-05 19:08:01.745621,delivered,12.76,57,0.887
122,TXN000122,25,43,9,9041,817.09,7387341.37,16521.55,756655.36,1841.25,8162359.54,10018444.37,1856084.84,22.74,2025-02-02 19:08:01.746320,2025-03-31 19:08:01.746320,2025-04-15 19:08:01.746320,delivered,22.95,58,0.735
123,TXN000123,7,39,5,9483,137.6,1304821.22,30202.85,117211.79,4761.41,1456997.27,1618633.97,161636.7,11.09,2025-04-26 19:08:01.747492,2025-06-19 19:08:01.747492,2025-06-25 19:08:01.747492,shipped,12.72,57,0.828
124,TXN000124,8,18,4,3717,244.86,910140.61,12176.83,48106.78,1015.8,971440.02,1150374.98,178934.96,18.42,2024-11-04 19:08:01.749667,2024-12-17 19:08:01.749667,2024-12-13 19:08:01.749667,shipped,19.0,40,0.773
125,TXN000125,4,18,9,1708,160.63,274350.03,2371.35,26194.24,4781.93,307697.55,345060.55,37363.0,12.14,2025-04-14 19:08:01.751370,2025-06-02 19:08:01.751370,2025-06-17 19:08:01.751370,delivered,11.28,46,0.925
126,TXN000126,12,10,10,7483,386.01,2888492.95,14798.06,305385.61,3620.56,3212297.18,3470819.62,258522.44,8.05,2025-03-04 19:08:01.753200,2025-04-16 19:08:01.753200,2025-04-22 19:08:01.753200,shipped,6.72,42,0.762
127,TXN000127,28,12,7,7245,299.37,2168958.35,12642.95,144741.49,3558.11,2329900.91,2600897.72,270996.81,11.63,2024-12-27 19:08:01.756699,2025-02-02 19:08:01.756699,2025-02-11 19:08:01.756699,shipped,12.73,37,0.838
128,TXN000128,19,43,2,1443,258.19,372572.71,6187.68,49042.78,1130.01,428933.18,496586.07,67652.89,15.77,2025-07-04 19:08:01.757932,2025-07-27 19:08:01.757932,2025-08-11 19:08:01.757932,pending,14.07,20,0.912
129,TXN000129,11,27,8,9633,668.46,6439312.22,29910.98,772691.92,1457.42,7243372.55,7658644.23,415271.69,5.73,2024-11-09 19:08:01.758787,2024-12-02 19:08:01.758787,2024-12-14 19:08:01.758787,shipped,6.35,21,0.791
130,TXN000130,24,35,5,9760,300.98,2937525.59,37083.32,169876.78,2591.16,3147076.85,3625691.85,478615.0,15.21,2024-11-28 19:08:01.759595,2024-12-30 19:08:01.759595,2025-01-05 19:08:01.759595,delivered,15.86,35,0.941
131,TXN000131,12,12,10,2817,983.67,2770992.42,11007.22,105985.44,1216.5,2889201.58,3360925.72,471724.13,16.33,2024-12-08 19:08:01.760298,2025-01-20 19:08:01.760298,2025-01-19 19:08:01.760298,shipped,14.49,46,0.822
132,TXN000132,14,41,10,6152,156.58,963249.68,9554.57,102986.93,2830.48,1078621.66,1303290.02,224668.36,20.83,2024-12-23 19:08:01.761333,2025-01-23 19:08:01.761333,2025-02-02 19:08:01.761333,delivered,18.99,33,0.781
133,TXN000133,20,45,8,8642,733.36,6337719.83,28959.79,352088.17,3838.59,6722606.37,7836718.97,1114112.59,16.57,2025-02-01 19:08:01.762750,2025-03-16 19:08:01.762750,2025-03-16 19:08:01.762750,pending,16.09,44,0.863
134,TXN000134,15,26,6,8565,851.92,7296713.31,13979.27,1068586.4,1503.05,8380782.02,9480076.13,1099294.11,13.12,2024-12-06 19:08:01.763728,2025-02-03 19:08:01.763728,2025-02-09 19:08:01.763728,shipped,14.67,56,0.825
135,TXN000135,30,2,10,2813,225.07,633126.06,4317.84,55012.56,1763.64,694220.1,749791.09,55570.99,8.0,2024-10-08 19:08:01.764511,2024-10-25 19:08:01.764511,2024-10-31 19:08:01.764511,pending,9.27,19,0.758
136,TXN000136,28,44,10,1956,830.06,1623588.3,5216.31,133533.49,1448.17,1763786.26,1908856.36,145070.1,8.22,2025-08-01 19:08:01.765218,2025-09-30 19:08:01.765218,2025-10-08 19:08:01.765218,delivered,6.4,61,0.848
137,TXN000137,6,27,3,8499,221.25,1880417.72,5748.37,177502.05,751.6,2064419.74,2274271.99,209852.25,10.17,2025-01-17 19:08:01.765983,2025-02-04 19:08:01.765983,2025-02-15 19:08:01.765983,pending,12.04,20,0.705
138,TXN000138,11,50,8,4744,747.59,3546579.15,22593.98,170793.12,3229.37,3743195.62,4283273.95,540078.34,14.43,2025-04-22 19:08:01.766605,2025-05-29 19:08:01.766605,2025-05-29 19:08:01.766605,shipped,14.83,40,0.846
139,TXN000139,17,1,9,8469,790.74,6696786.39,14315.52,764399.89,2042.02,7477543.81,8529589.58,1052045.77,14.07,2025-04-17 19:08:01.767339,2025-05-31 19:08:01.767339,2025-05-28 19:08:01.767339,shipped,13.61,41,0.704
140,TXN000140,2,36,8,8363,570.44,4770591.47,29936.66,607996.83,3224.8,5411749.75,5874370.13,462620.38,8.55,2025-07-24 19:08:01.768947,2025-09-08 19:08:01.768947,2025-09-22 19:08:01.768947,pending,8.56,43,0.723
141,TXN000141,20,22,9,9987,693.45,6925518.61,29229.82,139590.94,4719.81,7099059.17,8417438.74,1318379.57,18.57,2025-01-09 19:08:01.771089,2025-02-12 19:08:01.771089,2025-02-23 19:08:01.771089,shipped,20.07,36,0.832
142,TXN000142,15,21,2,7999,306.54,2451994.51,32419.95,170562.56,3150.72,2658127.74,3185178.14,527050.4,19.83,2025-06-23 19:08:01.772057,2025-08-17 19:08:01.772057,2025-08-30 19:08:01.772057,shipped,18.36,55,0.891
143,TXN000143,23,27,10,1473,919.08,1353800.16,2614.13,181381.63,2338.91,1540134.83,1675365.14,135230.31,8.78,2024-10-21 19:08:01.772998,2024-12-12 19:08:01.772998,2024-12-07 19:08:01.772998,pending,7.25,49,0.794
144,TXN000144,8,19,5,5275,284.88,1502725.26,12342.46,50875.99,2417.32,1568361.04,1830393.44,262032.41,16.71,2025-01-08 19:08:01.773967,2025-01-31 19:08:01.773967,2025-02-12 19:08:01.773967,pending,16.17,22,0.948
145,TXN000145,3,23,7,3437,457.71,1573144.92,8109.69,191754.56,2671.1,1775680.27,1995940.26,220259.99,12.4,2025-04-05 19:08:01.775089,2025-05-17 19:08:01.775089,2025-05-27 19:08:01.775089,shipped,12.71,45,0.876
146,TXN000146,17,32,7,2051,762.2,1563280.79,7927.45,122025.53,3646.9,1696880.67,1836634.11,139753.44,8.24,2025-01-19 19:08:01.777467,2025-02-08 19:08:01.777467,2025-02-19 19:08:01.777467,shipped,9.44,21,0.874
147,TXN000147,20,4,3,2733,736.11,2011791.2,6151.89,206538.45,4119.66,2228601.21,2706972.89,478371.68,21.47,2025-01-02 19:08:01.778466,2025-02-08 19:08:01.778466,2025-02-22 19:08:01.778466,delivered,19.72,35,0.793
148,TXN000148,22,50,7,6396,648.13,4145413.74,29984.98,298817.31,3452.79,4477668.81,4958095.12,480426.31,10.73,2025-05-15 19:08:01.779222,2025-06-29 19:08:01.779222,2025-06-25 19:08:01.779222,pending,10.71,42,0.75
149,TXN000149,25,4,3,8589,691.2,5936680.73,15348.79,144672.25,3197.82,6099899.59,7034176.85,934277.25,15.32,2025-05-18 19:08:01.779945,2025-06-08 19:08:01.779945,2025-06-22 19:08:01.779945,pending,13.46,19,0.864
150,TXN000150,21,44,8,1522,978.08,1488639.76,7588.2,180657.56,2089.07,1678974.59,1895610.37,216635.78,12.9,2024-11-20 19:08:01.780699,2025-01-03 19:08:01.780699,2025-01-04 19:08:01.780699,delivered,13.85,41,0.93
151,TXN000151,23,11,8,9260,594.63,5506305.17,42758.42,359299.53,4834.79,5913197.92,6535866.95,622669.02,10.53,2024-12-23 19:08:01.781442,2025-02-06 19:08:01.781442,2025-02-07 19:08:01.781442,shipped,10.83,44,0.744
152,TXN000152,23,19,6,9252,555.61,5140543.38,7639.72,299450.72,4761.57,5452395.39,6600606.88,1148211.49,21.06,2024-10-22 19:08:01.782936,2024-11-14 19:08:01.782936,2024-11-26 19:08:01.782936,shipped,21.84,23,0.841
153,TXN000153,25,18,8,5665,792.97,4492177.73,27336.88,357803.29,2573.24,4879891.14,5696615.6,816724.46,16.74,2025-06-14 19:08:01.784447,2025-06-22 19:08:01.784447,2025-07-02 19:08:01.784447,shipped,15.01,10,0.897
154,TXN000154,26,39,2,3867,298.34,1153696.6,15857.51,84929.81,2088.93,1256572.85,1454018.62,197445.77,15.71,2025-04-07 19:08:01.786495,2025-05-28 19:08:01.786495,2025-05-31 19:08:01.786495,shipped,14.09,53,0.887
155,TXN000155,26,48,7,9185,407.79,3745584.13,43089.44,306958.89,2090.92,4097723.37,5035541.67,937818.29,22.89,2024-08-28 19:08:01.787874,2024-09-21 19:08:01.787874,2024-09-21 19:08:01.787874,delivered,22.88,22,0.759
156,TXN000156,30,44,8,4448,317.85,1413800.65,6362.88,65543.31,1623.63,1487330.47,1745708.6,258378.13,17.37,2025-06-12 19:08:01.789600,2025-06-28 19:08:01.789600,2025-06-26 19:08:01.789600,delivered,18.08,18,0.823
157,TXN000157,25,23,7,8971,105.96,950578.9,43159.2,123804.71,2170.38,1119713.19,1246334.14,126620.95,11.31,2024-12-04 19:08:01.792840,2025-01-16 19:08:01.792840,2025-01-19 19:08:01.792840,delivered,13.25,44,0.77
158,TXN000158,21,32,6,9548,299.88,2863287.7,10284.22,252958.89,2404.29,3128935.1,3873405.4,744470.3,23.79,2025-02-16 19:08:01.794023,2025-02-25 19:08:01.794023,2025-03-08 19:08:01.794023,shipped,25.23,12,0.744
159,TXN000159,7,23,7,8590,978.86,8408377.13,22079.03,921536.03,553.19,9352545.38,10214386.89,861841.52,9.22,2025-02-27 19:08:01.795078,2025-04-12 19:08:01.795078,2025-04-10 19:08:01.795078,shipped,9.67,43,0.747
160,TXN000160,29,25,2,4513,336.56,1518913.92,11828.82,151437.12,2146.66,1684326.52,1936561.16,252234.64,14.98,2024-08-19 19:08:01.798024,2024-09-08 19:08:01.798024,2024-09-16 19:08:01.798024,shipped,14.44,20,0.77
161,TXN000161,9,27,6,2248,261.9,588751.89,11030.32,64280.84,4163.86,668226.91,797971.91,129745.0,19.42,2024-11-01 19:08:01.800292,2024-12-29 19:08:01.800292,2024-12-31 19:08:01.800292,shipped,20.84,56,0.736
162,TXN000162,14,22,10,2550,963.23,2456244.48,6702.53,52235.72,2396.84,2517579.57,2711167.18,193587.61,7.69,2024-11-12 19:08:01.801547,2024-12-29 19:08:01.801547,2025-01-09 19:08:01.801547,pending,6.95,47,0.775
163,TXN000163,17,49,9,9403,605.92,5697509.08,6720.25,187258.46,1235.04,5892722.82,6441296.81,548573.99,9.31,2024-09-24 19:08:01.802770,2024-10-17 19:08:01.802770,2024-10-27 19:08:01.802770,delivered,9.11,22,0.765
164,TXN000164,12,20,8,9233,424.28,3917339.59,43333.24,209589.14,589.26,4170851.23,4480526.49,309675.27,7.42,2025-05-03 19:08:01.803920,2025-06-22 19:08:01.803920,2025-07-06 19:08:01.803920,pending,7.73,52,0.835
165,TXN000165,4,9,9,4763,981.44,4674578.81,9992.73,502587.66,2693.72,5189852.93,6213838.07,1023985.14,19.73,2024-10-02 19:08:01.805195,2024-10-14 19:08:01.805195,2024-10-21 19:08:01.805195,shipped,19.59,10,0.917
166,TXN000166,3,1,6,5627,676.52,3806792.6,13494.53,379157.75,2321.48,4201766.36,5174116.48,972350.12,23.14,2025-02-18 19:08:01.806021,2025-03-02 19:08:01.806021,2025-03-02 19:08:01.806021,delivered,22.4,14,0.773
167,TXN000167,13,22,6,6579,340.73,2241630.77,11319.94,174481.34,4382.63,2431814.68,2730035.34,298220.65,12.26,2024-12-25 19:08:01.806824,2025-02-07 19:08:01.806824,2025-02-18 19:08:01.806824,shipped,10.93,47,0.706
168,TXN000168,14,33,6,4222,755.0,3187589.63,19978.37,354111.25,860.29,3562539.53,3859591.54,297052.0,8.34,2025-07-11 19:08:01.807496,2025-07-24 19:08:01.807496,2025-07-22 19:08:01.807496,shipped,8.53,10,0.893
169,TXN000169,9,6,4,1463,571.58,836228.14,1415.71,83918.24,879.4,922441.49,1140430.94,217989.45,23.63,2025-04-17 19:08:01.808203,2025-05-18 19:08:01.808203,2025-05-22 19:08:01.808203,delivered,24.58,31,0.857
170,TXN000170,27,8,4,2895,218.15,631542.51,1819.71,67108.58,4371.66,704842.47,785927.73,81085.26,11.5,2024-11-09 19:08:01.808935,2024-12-16 19:08:01.808935,2024-12-25 19:08:01.808935,shipped,11.7,35,0.942
171,TXN000171,1,43,5,3000,727.86,2183581.77,9476.22,173268.62,3870.1,2370196.71,2904578.28,534381.57,22.55,2024-09-19 19:08:01.809671,2024-10-23 19:08:01.809671,2024-11-03 19:08:01.809671,pending,22.68,33,0.82
172,TXN000172,14,5,5,1567,304.42,477019.25,3899.28,32223.52,1669.13,514811.18,571808.28,56997.11,11.07,2025-06-04 19:08:01.810797,2025-06-11 19:08:01.810797,2025-06-22 19:08:01.810797,shipped,10.22,8,0.702
173,TXN000173,29,10,6,7916,929.88,7360926.57,14630.73,880094.44,4090.84,8259742.57,9658949.16,1399206.59,16.94,2024-11-05 19:08:01.811888,2025-01-01 19:08:01.811888,2024-12-27 19:08:01.811888,shipped,15.69,58,0.809
174,TXN000174,17,4,3,6485,324.91,2107018.69,27418.07,102563.38,856.44,2237856.58,2629626.06,391769.47,17.51,2024-08-22 19:08:01.812738,2024-10-01 19:08:01.812738,2024-10-15 19:08:01.812738,pending,16.59,42,0.886
175,TXN000175,16,32,9,6865,827.93,5683724.24,9240.31,164261.41,1114.81,5858340.77,6280558.83,422218.06,7.21,2024-12-24 19:08:01.813447,2025-01-29 19:08:01.813447,2025-02-12 19:08:01.813447,shipped,8.01,36,0.747
176,TXN000176,24,5,8,913,117.46,107237.2,4440.58,2453.27,4875.5,119006.54,131671.56,12665.02,10.64,2025-08-08 19:08:01.814200,2025-08-23 19:08:01.814200,2025-09-01 19:08:01.814200,delivered,9.0,12,0.823
177,TXN000177,2,46,4,5204,407.72,2121783.04,21002.12,179909.06,2171.29,2324865.5,2765164.71,440299.21,18.94,2025-07-02 19:08:01.814905,2025-07-11 19:08:01.814905,2025-07-16 19:08:01.814905,delivered,17.16,12,0.798
178,TXN000178,8,35,10,3075,588.87,1810783.72,4196.96,234315.61,4177.63,2053473.92,2496306.41,442832.49,21.57,2025-01-27 19:08:01.815582,2025-02-10 19:08:01.815582,2025-02-12 19:08:01.815582,shipped,20.55,11,0.75
179,TXN000179,12,19,10,1639,761.79,1248574.63,4663.16,184383.33,2627.71,1440248.84,1708550.59,268301.74,18.63,2025-05-23 19:08:01.816409,2025-06-18 19:08:01.816409,2025-06-23 19:08:01.816409,pending,19.54,28,0.934
180,TXN000180,8,40,10,4250,568.83,2417542.92,11328.52,142262.01,2121.92,2573255.36,2728725.02,155469.66,6.04,2025-06-16 19:08:01.817624,2025-08-04 19:08:01.817624,2025-08-05 19:08:01.817624,delivered,6.57,48,0.704
181,TXN000181,15,50,4,9679,814.95,7887914.19,10050.9,966969.08,540.18,8865474.35,9383206.3,517731.94,5.84,2024-08-25 19:08:01.818778,2024-10-21 19:08:01.818778,2024-10-31 19:08:01.818778,pending,4.46,60,0.722
182,TXN000182,21,3,9,1597,241.93,386359.99,5728.04,24725.06,4863.43,421676.52,506818.09,85141.56,20.19,2025-02-11 19:08:01.819596,2025-02-21 19:08:01.819596,2025-02-17 19:08:01.819596,pending,18.81,11,0.898
183,TXN000183,24,2,10,3912,213.24,834213.31,7531.88,77236.1,3400.91,922382.21,1032573.26,110191.05,11.95,2025-08-02 19:08:01.820327,2025-09-06 19:08:01.820327,2025-09-07 19:08:01.820327,pending,11.46,37,0.734
184,TXN000184,7,34,4,8051,908.8,7316722.55,29626.21,678064.26,2942.3,8027355.32,9215551.6,1188196.28,14.8,2024-11-07 19:08:01.820966,2024-12-20 19:08:01.820966,2024-12-20 19:08:01.820966,shipped,14.1,43,0.769
185,TXN000185,10,21,2,9185,848.21,7790851.41,11219.89,693758.69,2522.23,8498352.23,10316011.34,1817659.11,21.39,2024-12-23 19:08:01.821748,2025-02-02 19:08:01.821748,2025-02-08 19:08:01.821748,delivered,22.49,42,0.795
186,TXN000186,6,27,5,406,266.98,108394.23,1335.26,7298.16,3290.89,120318.53,134051.55,13733.02,11.41,2025-01-26 19:08:01.822401,2025-02-06 19:08:01.822401,2025-02-18 19:08:01.822401,delivered,11.51,11,0.891
187,TXN000187,22,13,6,4738,238.72,1131047.6,9247.16,116857.02,997.09,1258148.87,1452709.15,194560.28,15.46,2025-06-07 19:08:01.823118,2025-06-18 19:08:01.823118,2025-06-14 19:08:01.823118,delivered,16.96,9,0.727
188,TXN000188,14,32,10,621,272.45,169194.54,1906.19,21778.54,3460.65,196339.92,226804.86,30464.94,15.52,2025-04-03 19:08:01.823842,2025-05-24 19:08:01.823842,2025-06-06 19:08:01.823842,delivered,14.98,52,0.879
189,TXN000189,1,30,5,3519,111.78,393345.02,12143.62,55340.69,4244.35,465073.67,531863.76,66790.08,14.36,2025-02-09 19:08:01.824688,2025-03-28 19:08:01.824688,2025-03-24 19:08:01.824688,pending,15.34,47,0.906
190,TXN000190,15,30,5,1055,814.82,859639.97,4437.74,46898.55,682.94,911659.2,970076.16,58416.96,6.41,2025-04-24 19:08:01.825522,2025-05-20 19:08:01.825522,2025-05-17 19:08:01.825522,pending,4.8,28,0.758
191,TXN000191,9,29,2,3264,446.8,1458348.6,9360.71,76328.79,3313.96,1547352.07,1680083.27,132731.21,8.58,2025-01-12 19:08:01.826305,2025-03-07 19:08:01.826305,2025-03-19 19:08:01.826305,pending,7.0,56,0.844
192,TXN000192,16,5,5,7097,707.04,5017886.35,31742.81,209171.65,1311.78,5260112.6,5945565.42,685452.82,13.03,2024-11-12 19:08:01.826985,2024-12-10 19:08:01.826985,2024-12-10 19:08:01.826985,pending,12.8,27,0.926
193,TXN000193,16,36,5,5419,595.07,3224701.71,23311.69,237352.97,3349.58,3488715.96,4239595.76,750879.81,21.52,2025-04-11 19:08:01.827638,2025-05-08 19:08:01.827638,2025-05-22 19:08:01.827638,pending,21.71,27,0.891
194,TXN000194,9,46,9,4262,933.53,3978714.37,9035.6,313572.23,4819.21,4306141.41,4521616.96,215475.55,5.0,2024-10-11 19:08:01.828290,2024-10-20 19:08:01.828290,2024-10-24 19:08:01.828290,delivered,5.07,8,0.702
195,TXN000195,21,2,2,3619,985.95,3568171.08,15745.33,81429.87,4198.73,3669545.02,4359213.39,689668.37,18.79,2024-11-24 19:08:01.828923,2024-12-18 19:08:01.828923,2024-12-30 19:08:01.828923,pending,19.08,25,0.739
196,TXN000196,7,24,7,5927,133.96,793996.75,7127.11,43231.9,4503.31,848859.07,933720.69,84861.61,10.0,2025-06-26 19:08:01.829555,2025-07-19 19:08:01.829555,2025-07-23 19:08:01.829555,pending,9.6,21,0.884
197,TXN000197,26,24,10,8005,751.22,6013535.9,10230.88,765773.78,3603.18,6793143.74,7915686.91,1122543.17,16.52,2024-09-18 19:08:01.830230,2024-10-01 19:08:01.830230,2024-10-15 19:08:01.830230,shipped,14.67,16,0.844
198,TXN000198,16,5,5,1016,170.63,173359.73,4722.8,11003.26,4459.07,193544.85,220033.57,26488.72,13.69,2024-09-12 19:08:01.830855,2024-09-26 19:08:01.830855,2024-09-28 19:08:01.830855,pending,15.4,16,0.894
199,TXN000199,17,8,8,5093,444.24,2262505.49,14564.58,139169.31,3042.11,2419281.49,2698385.11,279103.62,11.54,2025-05-26 19:08:01.831469,2025-07-16 19:08:01.831469,2025-07-18 19:08:01.831469,delivered,12.23,51,0.943
200,TXN000200,10,7,9,9524,777.56,7405445.08,26393.69,361912.48,1804.02,7795555.28,8800125.46,1004570.18,12.89,2025-07-01 19:08:01.832172,2025-07-16 19:08:01.832172,2025-07-21 19:08:01.832172,shipped,13.17,12,0.837
